sample_id,x,y,dt
0.0,1.0,1.0,0.0
0.0,0.9731182795698927,0.9894736842105263,0.01123599999846192
0.0,0.9516129032258066,0.9736842105263158,0.02019799999834504
0.0,0.9408602150537634,0.9631578947368421,0.02780699999857461
0.0,0.9247311827956989,0.9578947368421051,0.035599000002548564
0.0,0.9086021505376345,0.9473684210526316,0.04394599999795901
0.0,0.9032258064516128,0.9421052631578947,0.05095599999913247
0.0,0.8548387096774194,0.9210526315789472,0.07839899999817135
0.0,0.838709677419355,0.9157894736842105,0.08762800000113202
0.0,0.8279569892473118,0.9105263157894737,0.09893600000214064
0.0,0.8172043010752689,0.9052631578947368,0.10432600000058301
0.0,0.8118279569892473,0.9,0.11151799999788636
0.0,0.8010752688172044,0.8894736842105263,0.1197630000024219
0.0,0.7903225806451611,0.8894736842105263,0.12732600000163075
0.0,0.7741935483870966,0.8842105263157893,0.132634000001417
0.0,0.7419354838709677,0.8631578947368421,0.1525069999988773
0.0,0.7204301075268816,0.8473684210526314,0.1631130000023404
0.0,0.6989247311827956,0.831578947368421,0.16996199999994133
0.0,0.6720430107526882,0.8210526315789475,0.17648100000224076
0.0,0.6451612903225806,0.805263157894737,0.18381600000429899
0.0,0.60752688172043,0.7842105263157896,0.18940899999870453
0.0,0.5860215053763439,0.7789473684210526,0.19696200000180397
0.0,0.5645161290322582,0.768421052631579,0.20560600000317208
0.0,0.48387096774193544,0.7052631578947367,0.2276930000007269
0.0,0.46236559139784955,0.6894736842105262,0.2364979999983916
0.0,0.44086021505376344,0.6842105263157893,0.2437930000014603
0.0,0.3978494623655915,0.6526315789473683,0.2638890000016545
0.0,0.37634408602150543,0.6368421052631579,0.27026499999919906
0.0,0.3548387096774193,0.6210526315789474,0.27840500000456814
0.0,0.32258064516129037,0.605263157894737,0.2845450000022538
0.0,0.29032258064516125,0.5842105263157895,0.29209000000264496
0.0,0.22043010752688177,0.5473684210526316,0.3128209999995306
0.0,0.18817204301075266,0.5263157894736842,0.319684000001871
0.0,0.1505376344086021,0.5,0.32902000000467524
0.0,0.11827956989247318,0.47894736842105257,0.33483800000249175
0.0,0.09139784946236545,0.45789473684210513,0.34299100000498584
0.0,0.08064516129032262,0.44736842105263164,0.3492709999991348
0.0,0.059139784946236534,0.4368421052631579,0.3579089999984717
0.0,0.01075268817204294,0.41052631578947374,0.3725860000049579
0.0,0.005376344086021417,0.40526315789473677,0.381333999997878
0.0,0.0,0.40526315789473677,0.3897750000032829
0.0,0.0,0.4,0.4359679999979562
0.0,0.005376344086021417,0.39473684210526305,0.5237710000001243
0.0,0.005376344086021417,0.3894736842105263,0.5345520000046236
0.0,0.016129032258064464,0.3789473684210526,0.5423230000014883
0.0,0.03225806451612903,0.36315789473684207,0.5479120000018156
0.0,0.04301075268817197,0.35789473684210515,0.560659000002488
0.0,0.05376344086021501,0.3473684210526316,0.5677910000013071
0.0,0.059139784946236534,0.34210526315789463,0.5755219999991823
0.0,0.06989247311827958,0.3368421052631579,0.5814810000010766
0.0,0.08064516129032262,0.3315789473684209,0.5895969999983208
0.0,0.09139784946236545,0.32631578947368417,0.5997310000020661
0.0,0.10752688172043014,0.31578947368421045,0.6084190000037779
0.0,0.15591397849462374,0.294736842105263,0.6201680000012857
0.0,0.2526881720430107,0.2578947368421051,0.6353670000025886
0.0,0.29569892473118287,0.24210526315789466,0.6483080000034533
0.0,0.3548387096774193,0.22105263157894722,0.6591479999988223
0.0,0.41397849462365593,0.20526315789473676,0.67810499999905
0.0,0.43010752688172044,0.20526315789473676,0.6840379999994184
0.0,0.4354838709677418,0.2,0.6934479999981704
0.0,0.44086021505376344,0.2,0.7024510000046575
0.0,0.44086021505376344,0.19473684210526304,0.7113460000036866
0.0,0.4462365591397849,0.19473684210526304,0.7201920000006794
0.0,0.45698924731182794,0.1894736842105263,0.7267550000033225
0.0,0.4731182795698924,0.17894736842105258,0.7352830000018002
0.0,0.5161290322580646,0.16315789473684209,0.7469360000031884
0.0,0.6129032258064516,0.11578947368421047,0.7566460000016377
0.0,0.6881720430107527,0.08947368421052629,0.771020000000135
0.0,0.7365591397849461,0.07894736842105257,0.7921930000011344
0.0,0.7526881720430106,0.06842105263157885,0.8010510000021895
0.0,0.7526881720430106,0.0631578947368421,0.8120659999985946
0.0,0.7580645161290323,0.0631578947368421,0.8599640000029467
0.0,0.7634408602150539,0.05789473684210513,0.8714040000049863
0.0,0.7741935483870966,0.052631578947368376,0.8799890000009327
0.0,0.7903225806451611,0.04736842105263162,0.8871930000022985
0.0,0.8064516129032261,0.036842105263157905,0.8963980000044103
0.0,0.8225806451612905,0.03157894736842094,0.906288999998651
0.0,0.8494623655913978,0.02105263157894723,0.915142999998352
0.0,0.8709677419354839,0.010526315789473717,0.9325870000029681
0.0,0.8817204301075271,0.010526315789473717,0.9405420000039157
0.0,0.8817204301075271,0.005263157894736756,0.9605389999996987
0.0,0.8870967741935484,0.005263157894736756,1.0162510000009206
0.0,0.89247311827957,0.005263157894736756,1.0317199999990407
0.0,0.89247311827957,0.0,1.048729000001913
1.0,0.8084112149532712,1.0,0.0
1.0,0.8084112149532712,0.9946524064171124,0.006667000001471024
1.0,0.7943925233644862,0.9946524064171124,0.014389000003575347
1.0,0.7429906542056076,0.9679144385026739,0.034522000001743436
1.0,0.7149532710280372,0.9572192513368987,0.04104699999879813
1.0,0.6869158878504672,0.946524064171123,0.047190000004775357
1.0,0.6355140186915886,0.9251336898395723,0.06449699999939185
1.0,0.6074766355140186,0.9144385026737969,0.07121500000357628
1.0,0.5887850467289719,0.9037433155080214,0.07960800000000745
1.0,0.5841121495327104,0.8983957219251338,0.08637499999895226
1.0,0.5700934579439251,0.893048128342246,0.11275400000158697
1.0,0.5654205607476637,0.893048128342246,0.16680900000210386
1.0,0.5514018691588787,0.8823529411764708,0.17878900000505382
1.0,0.5327102803738318,0.8716577540106952,0.18630900000425754
1.0,0.5093457943925233,0.8556149732620322,0.19285200000012992
1.0,0.4626168224299066,0.8235294117647061,0.19930800000292948
1.0,0.41588785046728965,0.7967914438502673,0.20658299999922747
1.0,0.3317757009345795,0.7433155080213903,0.2295940000039991
1.0,0.2897196261682243,0.7165775401069521,0.2369380000018282
1.0,0.2570093457943925,0.7058823529411764,0.24344299999938812
1.0,0.2336448598130841,0.6898395721925135,0.2489290000012261
1.0,0.21495327102803732,0.679144385026738,0.2555980000033742
1.0,0.18224299065420554,0.6577540106951874,0.27585700000054203
1.0,0.16355140186915892,0.6470588235294119,0.28175800000462914
1.0,0.13551401869158874,0.6310160427807489,0.28943200000503566
1.0,0.09813084112149535,0.6149732620320856,0.29469300000346266
1.0,0.06542056074766348,0.5935828877005349,0.30417799999850104
1.0,0.046728971962616786,0.572192513368984,0.31289800000377
1.0,0.023364485981308393,0.5668449197860962,0.31874900000548223
1.0,0.009345794392523303,0.5508021390374331,0.33912899999995716
1.0,0.0,0.5454545454545455,0.34892100000433857
1.0,0.0,0.5401069518716577,0.4934429999993881
1.0,0.0,0.5347593582887701,0.5014920000030543
1.0,0.004672897196261606,0.518716577540107,0.5117600000012317
1.0,0.014018691588785,0.5080213903743316,0.5196869999999763
1.0,0.023364485981308393,0.48663101604278075,0.5408230000030017
1.0,0.032710280373831696,0.48128342245989314,0.5461780000041472
1.0,0.04205607476635509,0.4759358288770053,0.5534530000004452
1.0,0.060747663551401876,0.46524064171122986,0.5592780000006314
1.0,0.09813084112149535,0.4438502673796792,0.5769839999993565
1.0,0.13551401869158874,0.42245989304812837,0.5845730000000913
1.0,0.30841121495327106,0.34759358288770054,0.6200000000026193
1.0,0.34579439252336447,0.3368983957219251,0.6300970000011148
1.0,0.37850467289719625,0.3315508021390375,0.642760000002454
1.0,0.3831775700934579,0.3315508021390375,0.6522660000046017
1.0,0.3831775700934579,0.32620320855614987,0.6604609999994864
1.0,0.38785046728971967,0.32620320855614987,0.6795950000014273
1.0,0.38785046728971967,0.32085561497326204,0.6887410000053933
1.0,0.40654205607476623,0.3101604278074866,0.6950219999998808
1.0,0.4299065420560748,0.29946524064171115,0.7085220000008121
1.0,0.4672897196261682,0.2780748663101605,0.7152070000011008
1.0,0.5420560747663551,0.24598930481283418,0.7272850000008475
1.0,0.5654205607476637,0.22994652406417113,0.7415810000020429
1.0,0.5794392523364487,0.22994652406417113,0.7499680000037188
1.0,0.5887850467289719,0.22459893048128332,0.7576279999993858
1.0,0.5934579439252337,0.22459893048128332,0.7980720000050496
1.0,0.6028037383177569,0.2139037433155081,0.811492000000726
1.0,0.6261682242990655,0.19786096256684482,0.818092000001343
1.0,0.6775700934579441,0.16577540106951874,0.8275740000026417
1.0,0.7429906542056076,0.13368983957219244,0.8360800000009476
1.0,0.7850467289719626,0.122994652406417,0.8454760000022361
1.0,0.8411214953271029,0.08556149732620327,0.8521760000003269
1.0,0.892523364485981,0.05882352941176458,0.8612600000051316
1.0,0.9392523364485978,0.03743315508021392,0.8686830000006012
1.0,0.9906542056074764,0.010695187165775435,0.8796330000041053
1.0,1.0,0.0,0.8913870000033057
1.0,0.9953271028037383,0.0,1.0551239999986137
1.0,0.9906542056074764,0.0,1.0729040000005625
2.0,0.8088888888888888,1.0,0.0
2.0,0.8044444444444445,0.9952830188679246,0.009647999999288004
2.0,0.7955555555555555,0.9905660377358491,0.019090999994659796
2.0,0.7866666666666667,0.9858490566037734,0.024538999998185318
2.0,0.7777777777777777,0.981132075471698,0.031049999997776467
2.0,0.7555555555555556,0.9669811320754716,0.04721199999767123
2.0,0.7422222222222223,0.9575471698113207,0.056079999994835816
2.0,0.7333333333333332,0.9528301886792452,0.0631199999988894
2.0,0.7111111111111111,0.9339622641509434,0.0835159999987809
2.0,0.7022222222222221,0.929245283018868,0.0898209999941173
2.0,0.6933333333333334,0.9245283018867925,0.09759199999825796
2.0,0.6844444444444443,0.9198113207547168,0.10329499999352265
2.0,0.671111111111111,0.910377358490566,0.11972999999852618
2.0,0.6622222222222223,0.9056603773584905,0.1275729999979376
2.0,0.6533333333333331,0.9009433962264151,0.135110999995959
2.0,0.6444444444444444,0.8915094339622641,0.14281199999823002
2.0,0.6266666666666666,0.8820754716981133,0.15902599999390077
2.0,0.6133333333333333,0.8773584905660378,0.16631000000052154
2.0,0.5777777777777776,0.8537735849056604,0.18709999999555293
2.0,0.5644444444444443,0.849056603773585,0.19383299999753945
2.0,0.5555555555555556,0.8396226415094339,0.20296599999710452
2.0,0.5422222222222223,0.8349056603773585,0.20907900000020163
2.0,0.5333333333333332,0.8254716981132075,0.21655900000041584
2.0,0.52,0.8160377358490567,0.22472199999901932
2.0,0.48444444444444434,0.7924528301886792,0.24048799999582116
2.0,0.46222222222222215,0.7783018867924528,0.24790599999687402
2.0,0.4088888888888888,0.7452830188679245,0.2683199999955832
2.0,0.3688888888888888,0.7216981132075472,0.2762109999966924
2.0,0.3333333333333333,0.6981132075471699,0.28505500000028405
2.0,0.30222222222222217,0.6792452830188679,0.29073999999673106
2.0,0.2666666666666667,0.660377358490566,0.298583999996481
2.0,0.20444444444444446,0.6367924528301886,0.3111919999937527
2.0,0.16888888888888878,0.6226415094339622,0.32301199999346863
2.0,0.1111111111111111,0.5990566037735849,0.3350709999940591
2.0,0.09333333333333335,0.5849056603773586,0.3440019999979995
2.0,0.07555555555555553,0.5754716981132075,0.3527219999959925
2.0,0.0666666666666667,0.570754716981132,0.36012999999366
2.0,0.040000000000000036,0.5613207547169812,0.38369499999680556
2.0,0.031111111111111117,0.5518867924528302,0.40824699999939185
2.0,0.0,0.5377358490566037,0.43466699999407865
2.0,0.0,0.5330188679245284,0.5361239999983809
2.0,0.0,0.5283018867924529,0.5458419999995385
2.0,0.013333333333333287,0.5,0.5842759999941336
2.0,0.02666666666666666,0.48584905660377364,0.5959579999980633
2.0,0.048888888888888864,0.4669811320754717,0.6102079999982379
2.0,0.0666666666666667,0.4575471698113207,0.6189809999996214
2.0,0.09333333333333335,0.44339622641509435,0.6274259999991045
2.0,0.13777777777777775,0.419811320754717,0.6338679999971646
2.0,0.1777777777777777,0.40094339622641506,0.6420049999942421
2.0,0.21333333333333337,0.38207547169811334,0.65448699999979
2.0,0.27999999999999997,0.36320754716981135,0.6643110000004526
2.0,0.30222222222222217,0.3537735849056604,0.6735909999988507
2.0,0.32444444444444437,0.3443396226415094,0.6834619999935967
2.0,0.33777777777777784,0.33962264150943405,0.6922519999934593
2.0,0.3422222222222222,0.33490566037735847,0.7016369999982999
2.0,0.3777777777777777,0.3207547169811321,0.7136839999948279
2.0,0.39555555555555555,0.3113207547169811,0.7211829999941983
2.0,0.41777777777777775,0.3018867924528302,0.7302169999966281
2.0,0.4666666666666667,0.28773584905660377,0.7434099999954924
2.0,0.48444444444444434,0.2830188679245284,0.7579509999995935
2.0,0.5022222222222222,0.2735849056603774,0.7658509999964735
2.0,0.5244444444444444,0.26415094339622647,0.7770529999979772
2.0,0.5333333333333332,0.25943396226415105,0.783858999995573
2.0,0.5422222222222223,0.25943396226415105,0.7939960000003339
2.0,0.551111111111111,0.25471698113207547,0.8031709999995655
2.0,0.5555555555555556,0.2500000000000001,0.8130549999987124
2.0,0.5688888888888889,0.2452830188679245,0.821152999997139
2.0,0.5777777777777776,0.24056603773584911,0.8301339999961783
2.0,0.5955555555555555,0.23584905660377353,0.8393569999971078
2.0,0.648888888888889,0.20283018867924543,0.8497029999998631
2.0,0.68,0.18867924528301888,0.8565489999964484
2.0,0.7377777777777778,0.16037735849056614,0.8707749999957741
2.0,0.7600000000000001,0.1462264150943396,0.8804999999993015
2.0,0.7777777777777777,0.1462264150943396,0.8874179999984335
2.0,0.7866666666666667,0.13679245283018882,0.9025499999988824
2.0,0.7911111111111112,0.13679245283018882,0.9148409999979776
2.0,0.7911111111111112,0.13207547169811323,0.9214909999936935
2.0,0.7955555555555555,0.12735849056603785,0.9505159999971511
2.0,0.8044444444444445,0.12264150943396225,0.9620419999992009
2.0,0.8177777777777778,0.1084905660377359,0.974408999994921
2.0,0.8488888888888889,0.08962264150943396,0.9828569999954198
2.0,0.9244444444444445,0.04716981132075486,0.9932389999958104
2.0,0.9599999999999997,0.02358490566037752,1.0012659999993048
2.0,0.9822222222222222,0.00943396226415097,1.0112329999974463
2.0,0.9955555555555554,0.004716981132075577,1.0210299999962444
2.0,1.0,0.004716981132075577,1.0314279999947757
2.0,1.0,0.0,1.0544069999959902
3.0,0.9392265193370165,1.0,0.0
3.0,0.9226519337016574,0.990990990990991,0.010830999999598134
3.0,0.9060773480662984,0.9819819819819819,0.023346000001765788
3.0,0.8950276243093921,0.9684684684684685,0.032039999998232815
3.0,0.878453038674033,0.9594594594594594,0.038298999999824446
3.0,0.8618784530386739,0.9504504504504504,0.04358499999943888
3.0,0.8453038674033149,0.9414414414414414,0.05002999999851454
3.0,0.8342541436464086,0.9324324324324325,0.05700800000340678
3.0,0.8232044198895027,0.9279279279279279,0.06382999999914318
3.0,0.8011049723756904,0.9189189189189189,0.0927769999980228
3.0,0.7955801104972373,0.9144144144144144,0.09842300000309478
3.0,0.7900552486187845,0.9099099099099098,0.1054569999978412
3.0,0.7790055248618782,0.9054054054054054,0.11267700000462355
3.0,0.7679558011049723,0.8963963963963963,0.1194820000018808
3.0,0.756906077348066,0.8918918918918918,0.12858399999822723
3.0,0.7237569060773479,0.8738738738738738,0.14691899999888847
3.0,0.7071823204419888,0.8648648648648648,0.15432700000383193
3.0,0.6906077348066298,0.855855855855856,0.16236600000411272
3.0,0.6740331491712708,0.8468468468468467,0.16771600000356557
3.0,0.6574585635359117,0.8378378378378378,0.17802400000073249
3.0,0.6408839779005526,0.8288288288288288,0.18942000000242842
3.0,0.6298342541436464,0.8198198198198198,0.19627700000273762
3.0,0.6132596685082873,0.8108108108108107,0.20482300000003306
3.0,0.6022099447513813,0.8018018018018017,0.21043700000154786
3.0,0.5856353591160218,0.7927927927927929,0.217876000002434
3.0,0.5580110497237568,0.7747747747747749,0.2333470000012312
3.0,0.5303867403314917,0.7612612612612614,0.24146099999779835
3.0,0.5027624309392265,0.7477477477477477,0.24829999999928987
3.0,0.44198895027624296,0.7027027027027027,0.2687359999981709
3.0,0.4033149171270717,0.6846846846846848,0.2748310000024503
3.0,0.3701657458563536,0.6666666666666667,0.28200199999992037
3.0,0.3370165745856353,0.644144144144144,0.28896099999838043
3.0,0.30386740331491713,0.6261261261261262,0.29680000000371365
3.0,0.276243093922652,0.6126126126126127,0.3061710000038147
3.0,0.24861878453038683,0.5990990990990991,0.3183389999976498
3.0,0.22099447513812165,0.5900900900900901,0.32438099999853875
3.0,0.19889502762430944,0.5810810810810811,0.3333810000040103
3.0,0.1767955801104972,0.5720720720720721,0.33909800000401447
3.0,0.14917127071823205,0.5585585585585585,0.34705899999971734
3.0,0.12707182320441981,0.5540540540540541,0.3564420000038808
3.0,0.11049723756906077,0.5405405405405406,0.36499900000490015
3.0,0.08839779005524856,0.536036036036036,0.37144899999839254
3.0,0.0718232044198895,0.527027027027027,0.38040600000385894
3.0,0.06629834254143645,0.5225225225225225,0.3905379999996512
3.0,0.05524861878453044,0.5180180180180181,0.3986789999980829
3.0,0.04419889502762433,0.509009009009009,0.4050219999990077
3.0,0.027624309392265164,0.5045045045045045,0.4139930000019376
3.0,0.01104972375690611,0.4954954954954956,0.42846799999824725
3.0,0.005524861878453055,0.49099099099099097,0.4383280000038212
3.0,0.0,0.49099099099099097,0.4449989999993704
3.0,0.0,0.4864864864864865,0.5362670000031358
3.0,0.0,0.48198198198198194,0.5476920000000973
3.0,0.005524861878453055,0.4774774774774775,0.5634639999989304
3.0,0.005524861878453055,0.4729729729729729,0.5707939999992959
3.0,0.01104972375690611,0.46396396396396405,0.581742000002123
3.0,0.016574585635359164,0.45945945945945943,0.5884700000024168
3.0,0.02209944751381222,0.4504504504504504,0.5982000000003609
3.0,0.038674033149171276,0.4414414414414414,0.6052049999998417
3.0,0.1657458563535911,0.37837837837837845,0.6358190000028117
3.0,0.20441988950276238,0.3648648648648648,0.6444909999991069
3.0,0.24309392265193366,0.3423423423423423,0.6563620000015362
3.0,0.298342541436464,0.31531531531531537,0.6660009999977774
3.0,0.3204419889502762,0.30630630630630634,0.6753759999992326
3.0,0.3314917127071823,0.3018018018018017,0.6815260000003036
3.0,0.3535911602209945,0.29279279279279286,0.6955510000043432
3.0,0.3591160220994475,0.2882882882882883,0.7053300000043237
3.0,0.3812154696132597,0.27927927927927926,0.7153250000046683
3.0,0.4033149171270717,0.2702702702702702,0.7222840000031283
3.0,0.46961325966850814,0.2297297297297298,0.7393119999978808
3.0,0.5082872928176794,0.21171171171171174,0.7466170000043348
3.0,0.5580110497237568,0.19369369369369366,0.7556530000001658
3.0,0.5856353591160218,0.17567567567567577,0.7622059999994235
3.0,0.6187845303867404,0.17117117117117114,0.7718359999998938
3.0,0.6408839779005526,0.15765765765765768,0.7800950000018929
3.0,0.6519337016574586,0.1531531531531531,0.790288000003784
3.0,0.6574585635359117,0.14864864864864866,0.7978540000040084
3.0,0.7900552486187845,0.09459459459459461,0.8472679999977117
3.0,0.8287292817679558,0.07657657657657654,0.8579549999994924
3.0,0.8508287292817681,0.0675675675675675,0.868692000003648
3.0,0.878453038674033,0.05855855855855865,0.8766810000015539
3.0,0.8950276243093921,0.04954954954954961,0.8874849999992875
3.0,0.9116022099447512,0.045045045045045,0.8949150000044028
3.0,0.9502762430939224,0.03603603603603615,0.9057539999994333
3.0,0.9558011049723756,0.02702702702702711,0.9131190000043716
3.0,0.9613259668508287,0.02702702702702711,0.9253739999985555
3.0,0.9668508287292814,0.0225225225225225,0.9332310000027064
3.0,0.9723756906077347,0.013513513513513466,0.9430449999999837
3.0,0.9834254143646409,0.009009009009009037,0.9613630000021658
3.0,0.9889502762430937,0.004504504504504606,0.9674290000039036
3.0,0.9944751381215469,0.004504504504504606,0.9804819999990286
3.0,0.9944751381215469,0.0,0.9888150000042515
3.0,1.0,0.0,0.9990550000002258
4.0,0.815950920245399,1.0,0.0
4.0,0.7975460122699388,0.9925373134328359,0.0101859999995213
4.0,0.7852760736196318,0.9850746268656716,0.017412000001058914
4.0,0.7730061349693252,0.9776119402985073,0.027486999999382533
4.0,0.7484662576687117,0.9626865671641791,0.03450400000292575
4.0,0.7055214723926381,0.9328358208955223,0.05589200000395067
4.0,0.6625766871165645,0.9104477611940299,0.06542300000000978
4.0,0.6441717791411044,0.9029850746268655,0.07326299999840558
4.0,0.6257668711656443,0.8880597014925374,0.08043999999790685
4.0,0.6196319018404908,0.8805970149253731,0.08808600000338629
4.0,0.6012269938650308,0.8731343283582087,0.09600099999806844
4.0,0.5644171779141106,0.8432835820895522,0.12210000000050059
4.0,0.5460122699386506,0.8358208955223881,0.13364600000204518
4.0,0.5153374233128835,0.8059701492537313,0.14821200000005774
4.0,0.47239263803680986,0.783582089552239,0.1551880000042729
4.0,0.4294478527607362,0.7462686567164177,0.16251999999803957
4.0,0.40490797546012275,0.7388059701492536,0.16991100000450388
4.0,0.3742331288343559,0.7089552238805972,0.17793199999869103
4.0,0.3067484662576687,0.6567164179104479,0.1964700000025914
4.0,0.27607361963190186,0.6417910447761193,0.20262100000400096
4.0,0.24539877300613502,0.6343283582089552,0.21153500000218628
4.0,0.22085889570552145,0.6194029850746268,0.2173430000038934
4.0,0.18404907975460133,0.5970149253731343,0.23914199999853736
4.0,0.165644171779141,0.58955223880597,0.24440899999899557
4.0,0.14110429447852768,0.5746268656716419,0.25125000000116415
4.0,0.12269938650306739,0.5671641791044775,0.26198300000396557
4.0,0.11042944785276083,0.5671641791044775,0.2679629999984172
4.0,0.09202453987730054,0.5522388059701494,0.27510500000062166
4.0,0.07361963190184048,0.5447761194029851,0.28286900000239257
4.0,0.049079754601226905,0.5298507462686567,0.2999580000032438
4.0,0.03680981595092036,0.5223880597014926,0.30556500000238884
4.0,0.024539877300613574,0.5149253731343283,0.31262599999899976
4.0,0.006134969325153274,0.5000000000000001,0.3370560000039404
4.0,0.0,0.5000000000000001,0.34591699999873526
4.0,0.0,0.4925373134328358,0.4649370000042836
4.0,0.0,0.48507462686567143,0.4804650000005495
4.0,0.006134969325153274,0.4776119402985077,0.4887349999989965
4.0,0.012269938650306787,0.47014925373134336,0.5029169999979786
4.0,0.012269938650306787,0.462686567164179,0.5095819999987725
4.0,0.01840490797546006,0.45522388059701496,0.5172319999983301
4.0,0.030674846625766847,0.4477611940298509,0.5234029999992345
4.0,0.049079754601226905,0.4328358208955222,0.5314460000008694
4.0,0.06748466257668721,0.41791044776119407,0.5440250000028755
4.0,0.11042944785276083,0.38805970149253727,0.5527629999996861
4.0,0.1288343558282209,0.38059701492537323,0.5675430000046617
4.0,0.15337423312883447,0.37313432835820887,0.5741290000005392
4.0,0.1779141104294478,0.36567164179104483,0.5823569999993197
4.0,0.19631901840490787,0.35820895522388074,0.5882669999991776
4.0,0.22085889570552145,0.35074626865671643,0.596361000003526
4.0,0.2392638036809815,0.34328358208955234,0.6071599999995669
4.0,0.26380368098159507,0.33582089552238803,0.6151969999991707
4.0,0.28220858895705514,0.32835820895522394,0.6227040000012494
4.0,0.3374233128834356,0.3059701492537315,0.6365399999995134
4.0,0.3680981595092024,0.2910447761194031,0.6430550000004587
4.0,0.39877300613496924,0.2910447761194031,0.6517250000033528
4.0,0.4478527607361963,0.26865671641791034,0.6722569999983534
4.0,0.49693251533742344,0.2462686567164179,0.6814670000021579
4.0,0.5153374233128835,0.2313432835820895,0.6916800000035437
4.0,0.5337423312883436,0.22388059701492544,0.7057080000013229
4.0,0.6441717791411044,0.17164179104477617,0.739266000004136
4.0,0.6932515337423315,0.14179104477611937,0.7539150000011432
4.0,0.7607361963190182,0.11940298507462692,0.7726899999979651
4.0,0.7914110429447854,0.10447761194029852,0.7943070000037551
4.0,0.8588957055214725,0.059701492537313605,0.8288739999989048
4.0,0.9018404907975461,0.044776119402985204,0.8420459999979357
4.0,0.9202453987730063,0.03731343283582086,0.8524200000028941
4.0,0.9263803680981597,0.029850746268656803,0.8585329999987152
4.0,0.9325153374233128,0.029850746268656803,0.8680640000020503
4.0,0.9509202453987728,0.022388059701492748,0.8787819999997737
4.0,0.9631901840490799,0.014925373134328401,0.8876989999989746
4.0,0.9938650306748464,0.0,0.8980320000046049
4.0,1.0,0.0,0.9118450000023586
5.0,0.8978102189781021,1.0,0.0
5.0,0.8832116788321169,0.9888268156424579,0.009208000003127381
5.0,0.8686131386861318,0.9776536312849161,0.01880199999868637
5.0,0.8467153284671532,0.9608938547486033,0.023479000003135297
5.0,0.8029197080291971,0.9385474860335195,0.040711000001465436
5.0,0.7810218978102191,0.9217877094972067,0.051819000000250526
5.0,0.7445255474452559,0.8994413407821228,0.061117000004742295
5.0,0.715328467153285,0.88268156424581,0.06943699999828823
5.0,0.6934306569343069,0.8715083798882679,0.07528699999966193
5.0,0.6715328467153284,0.8547486033519551,0.08246700000017881
5.0,0.6496350364963503,0.8491620111731842,0.08812500000203727
5.0,0.613138686131387,0.8268156424581004,0.1109580000047572
5.0,0.5547445255474455,0.8044692737430167,0.12028599999757716
5.0,0.5328467153284672,0.7821229050279329,0.1288970000023255
5.0,0.48905109489051113,0.759776536312849,0.14523100000224076
5.0,0.48175182481751827,0.7430167597765363,0.15228899999783607
5.0,0.45985401459854025,0.7374301675977651,0.15935000000172295
5.0,0.45255474452554767,0.7318435754189943,0.17033400000218535
5.0,0.4379562043795622,0.7206703910614524,0.1782549999988987
5.0,0.3795620437956204,0.6927374301675976,0.2015830000018468
5.0,0.35766423357664234,0.6815642458100557,0.21261799999774667
5.0,0.3138686131386863,0.6536312849162009,0.22425700000167126
5.0,0.291970802919708,0.642458100558659,0.2315020000023651
5.0,0.24817518248175194,0.6201117318435754,0.25337299999955576
5.0,0.2262773722627739,0.6089385474860335,0.25866900000255555
5.0,0.19708029197080298,0.5921787709497205,0.26555499999813037
5.0,0.18248175182481755,0.5810055865921787,0.27276700000220444
5.0,0.15328467153284664,0.5642458100558657,0.281834000001254
5.0,0.09489051094890513,0.541899441340782,0.29671500000404194
5.0,0.06569343065693424,0.525139664804469,0.30638899999757996
5.0,0.007299270072992725,0.5027932960893854,0.3277710000038496
5.0,0.0,0.49720670391061433,0.3415000000022701
5.0,0.0,0.4916201117318435,0.3475200000029872
5.0,0.0,0.48603351955307245,0.5040119999976014
5.0,0.007299270072992725,0.48044692737430156,0.5152250000028289
5.0,0.05109489051094879,0.4581005586592177,0.531410000003234
5.0,0.06569343065693424,0.446927374301676,0.538790999999037
5.0,0.08759124087591255,0.43575418994413406,0.5482679999986431
5.0,0.11678832116788317,0.41899441340782106,0.5557059999991907
5.0,0.16058394160583953,0.40223463687150823,0.5640409999978147
5.0,0.1897810218978104,0.39106145251396635,0.5704949999999371
5.0,0.21897810218978103,0.3798882681564244,0.5786650000009104
5.0,0.24087591240875905,0.3687150837988827,0.5912349999998696
5.0,0.26277372262773735,0.3631284916201116,0.6006500000003143
5.0,0.27007299270072993,0.35754189944134074,0.6083940000025905
5.0,0.291970802919708,0.3463687150837988,0.6266120000000228
5.0,0.30656934306569344,0.3351955307262569,0.6342640000002575
5.0,0.32846715328467174,0.32402234636871496,0.6444630000041798
5.0,0.3430656934306569,0.312849162011173,0.6504340000028606
5.0,0.36496350364963526,0.3016759776536313,0.6585620000041672
5.0,0.3868613138686133,0.2849162011173183,0.6682350000046426
5.0,0.41605839416058416,0.27374301675977636,0.676595000004454
5.0,0.4379562043795622,0.26256983240223464,0.6843470000021625
5.0,0.4744525547445257,0.24581005586592164,0.6933229999995092
5.0,0.5036496350364966,0.22905027932960886,0.7026259999984177
5.0,0.5474452554744527,0.20670391061452498,0.711832000000868
5.0,0.5985401459854016,0.18435754189944134,0.7347880000015721
5.0,0.613138686131387,0.1731843575418994,0.742420000002312
5.0,0.6642335766423361,0.14525139664804468,0.7516069999983301
5.0,0.7080291970802921,0.13407821229050276,0.7639530000014929
5.0,0.7299270072992702,0.12849162011173168,0.7710680000018328
5.0,0.7591240875912411,0.11173184357541889,0.7813450000030571
5.0,0.7810218978102191,0.0949720670391061,0.7885160000005271
5.0,0.8175182481751829,0.07821229050279331,0.7986020000025746
5.0,0.8394160583941609,0.07262569832402223,0.8070970000044326
5.0,0.861313868613139,0.0614525139664803,0.8167220000032103
5.0,0.8759124087591241,0.055865921787709445,0.8311539999995148
5.0,0.8905109489051098,0.04469273743016751,0.8485839999993914
5.0,0.8978102189781021,0.04469273743016751,0.8587699999989127
5.0,0.9124087591240879,0.039106145251396655,0.8675430000002962
5.0,0.9197080291970807,0.027932960893854723,0.8742050000000745
5.0,0.9343065693430659,0.027932960893854723,0.8845789999977569
5.0,0.9416058394160588,0.022346368715083647,0.8931890000021667
5.0,0.948905109489051,0.022346368715083647,0.9036530000012135
5.0,0.956204379562044,0.01675977653631279,0.9108130000022356
5.0,0.9708029197080297,0.011173184357541933,0.9231550000040443
5.0,0.9781021897810219,0.011173184357541933,0.9425449999980628
5.0,1.0,0.005586592178770857,0.9523400000034599
5.0,1.0,0.0,0.9644939999998314
6.0,1.0,1.0,0.0
6.0,0.8657407407407406,0.9202453987730063,0.03450000000157161
6.0,0.7777777777777778,0.8711656441717791,0.041379000002052635
6.0,0.7314814814814815,0.8404907975460125,0.04796799999894574
6.0,0.6944444444444444,0.8282208588957054,0.05523499999981141
6.0,0.662037037037037,0.8098159509202454,0.060418000000936445
6.0,0.6342592592592593,0.7975460122699388,0.06734699999651639
6.0,0.6064814814814816,0.7852760736196318,0.07566999999835389
6.0,0.5740740740740742,0.7730061349693252,0.08305799999652663
6.0,0.4907407407407407,0.7300613496932516,0.11450299999705749
6.0,0.43055555555555564,0.6932515337423313,0.1247060000023339
6.0,0.40277777777777773,0.6809815950920247,0.13255100000242237
6.0,0.37500000000000006,0.6564417177914111,0.1399440000022878
6.0,0.3518518518518519,0.6503067484662576,0.15483999999560183
6.0,0.33333333333333337,0.638036809815951,0.1614209999970626
6.0,0.31481481481481477,0.6257668711656443,0.16849699999875156
6.0,0.2870370370370371,0.607361963190184,0.17464299999846844
6.0,0.25925925925925924,0.5828220858895706,0.18206300000019837
6.0,0.23148148148148157,0.5644171779141104,0.1902219999974477
6.0,0.16203703703703698,0.5276073619631902,0.20881999999983236
6.0,0.1342592592592593,0.5030674846625767,0.21683399999892572
6.0,0.10185185185185189,0.4846625766871166,0.22286899999744492
6.0,0.07407407407407413,0.460122699386503,0.22979800000030082
6.0,0.0509259259259259,0.44785276073619623,0.2371320000020205
6.0,0.009259259259259288,0.4233128834355829,0.25705500000185566
6.0,0.004629629629629644,0.41717791411042937,0.2647050000014133
6.0,0.004629629629629644,0.4110429447852761,0.27433799999562325
6.0,0.0,0.4110429447852761,0.2953999999954249
6.0,0.004629629629629644,0.4110429447852761,0.523882000001322
6.0,0.009259259259259288,0.4049079754601228,0.5339620000013383
6.0,0.02314814814814813,0.392638036809816,0.5415809999976773
6.0,0.041666666666666706,0.3803680981595092,0.5479500000001281
6.0,0.07407407407407413,0.36196319018404916,0.5561969999980647
6.0,0.15740740740740744,0.3251533742331288,0.5809529999969527
6.0,0.18518518518518512,0.3190184049079755,0.5931379999965429
6.0,0.2037037037037037,0.3190184049079755,0.5996289999966393
6.0,0.21759259259259253,0.3067484662576688,0.6073130000004312
6.0,0.22685185185185183,0.3006134969325152,0.6126880000010715
6.0,0.23148148148148157,0.3006134969325152,0.6248899999991409
6.0,0.2361111111111111,0.294478527607362,0.6369689999992261
6.0,0.2453703703703704,0.2883435582822087,0.646878999999899
6.0,0.2731481481481481,0.2760736196319019,0.6612329999989015
6.0,0.2916666666666667,0.2638036809815951,0.6715059999987716
6.0,0.31018518518518523,0.2576687116564416,0.6776820000013686
6.0,0.37037037037037035,0.23312883435582826,0.6943570000003092
6.0,0.3888888888888889,0.22699386503067473,0.7001789999994799
6.0,0.40277777777777773,0.22085889570552147,0.7077199999985169
6.0,0.43055555555555564,0.20858895705521469,0.7289380000001984
6.0,0.4444444444444445,0.2024539877300614,0.739250999999058
6.0,0.46759259259259256,0.1963190184049079,0.7516489999979967
6.0,0.4814814814814814,0.1901840490797546,0.7591229999961797
6.0,0.49537037037037046,0.1840490797546011,0.7672349999993457
6.0,0.5185185185185186,0.17177914110429432,0.7766039999987697
6.0,0.5416666666666667,0.15950920245398775,0.7847170000022743
6.0,0.5740740740740742,0.147239263803681,0.7912749999959487
6.0,0.5972222222222222,0.1349693251533742,0.8030220000000554
6.0,0.6203703703703705,0.1226993865030674,0.8107079999972484
6.0,0.6481481481481481,0.11656441717791413,0.8185860000012326
6.0,0.6759259259259258,0.10429447852760734,0.8294529999984661
6.0,0.6944444444444444,0.09202453987730055,0.8468219999995199
6.0,0.6990740740740742,0.08588957055214727,0.8540549999961513
6.0,0.7037037037037038,0.07975460122699377,0.8921970000010333
6.0,0.712962962962963,0.07975460122699377,0.9029630000004545
6.0,0.7361111111111113,0.0736196319018405,0.9129830000019865
6.0,0.773148148148148,0.04907975460122691,0.9194710000010673
6.0,0.8425925925925927,0.01840490797546006,0.9400390000009793
6.0,0.888888888888889,0.0,0.970112999995763
7.0,0.9322916666666667,1.0,0.0
7.0,0.9166666666666669,0.9902439024390244,0.009611000001314096
7.0,0.8958333333333335,0.9804878048780488,0.01780500000313623
7.0,0.8750000000000001,0.970731707317073,0.024452000005112495
7.0,0.8489583333333337,0.9512195121951218,0.031684000001405366
7.0,0.7968750000000003,0.9317073170731707,0.05010800000309246
7.0,0.78125,0.926829268292683,0.059812999999849126
7.0,0.760416666666667,0.9121951219512197,0.06831800000509247
7.0,0.7395833333333336,0.9073170731707317,0.07399500000610715
7.0,0.7343750000000001,0.9024390243902438,0.08054100000299513
7.0,0.7239583333333337,0.9024390243902438,0.08756600000197068
7.0,0.7135416666666667,0.8926829268292683,0.09476200000062818
7.0,0.6770833333333334,0.8731707317073171,0.12081400000170106
7.0,0.6614583333333335,0.8634146341463415,0.13021300000400515
7.0,0.6458333333333335,0.848780487804878,0.13825300000462448
7.0,0.6302083333333335,0.8341463414634145,0.14369799999985844
7.0,0.6041666666666669,0.8146341463414635,0.153256000005058
7.0,0.5781250000000001,0.7951219512195121,0.1609600000010687
7.0,0.5572916666666667,0.7804878048780488,0.17414000000280794
7.0,0.5364583333333336,0.7658536585365853,0.17961600000126055
7.0,0.5208333333333334,0.7609756097560977,0.1872600000060629
7.0,0.5000000000000002,0.7512195121951218,0.19321100000524893
7.0,0.41145833333333354,0.6926829268292682,0.23828800000046613
7.0,0.3229166666666667,0.6439024390243903,0.24965200000588084
7.0,0.28645833333333337,0.6195121951219512,0.25972700000420446
7.0,0.24479166666666674,0.6,0.266129000003275
7.0,0.21354166666666666,0.5804878048780489,0.27461500000208616
7.0,0.18229166666666674,0.5560975609756099,0.28088900000147987
7.0,0.13020833333333334,0.5219512195121953,0.29971800000203075
7.0,0.1041666666666667,0.5024390243902439,0.30908500000077765
7.0,0.07812500000000006,0.49756097560975604,0.31939600000623614
7.0,0.057291666666666755,0.48292682926829267,0.32501500000216765
7.0,0.03645833333333335,0.47317073170731705,0.3329250000024331
7.0,0.0104166666666667,0.4682926829268293,0.33904700000130106
7.0,0.00520833333333335,0.4585365853658537,0.34613200000603683
7.0,0.0,0.453658536585366,0.36135900000226684
7.0,0.0,0.44878048780487806,0.5525460000062594
7.0,0.00520833333333335,0.4439024390243903,0.5631290000019362
7.0,0.015625000000000052,0.4341463414634147,0.5716160000010859
7.0,0.03125,0.424390243902439,0.5774680000031367
7.0,0.0729166666666667,0.4048780487804878,0.5917920000065351
7.0,0.08854166666666675,0.4,0.6027840000024298
7.0,0.10937500000000006,0.38536585365853665,0.6083340000041062
7.0,0.1354166666666667,0.37073170731707333,0.6229750000056811
7.0,0.1562500000000001,0.35609756097560974,0.6300300000002608
7.0,0.17187500000000006,0.3463414634146341,0.6388120000046911
7.0,0.18229166666666674,0.3414634146341464,0.6448550000059186
7.0,0.19270833333333345,0.33658536585365867,0.6538180000061402
7.0,0.1979166666666667,0.33170731707317075,0.6624590000064927
7.0,0.2395833333333335,0.30731707317073176,0.6805340000064461
7.0,0.26562500000000017,0.2926829268292684,0.690773000002082
7.0,0.30729166666666674,0.2731707317073171,0.7060380000039004
7.0,0.34895833333333337,0.25365853658536586,0.7227469999997993
7.0,0.36979166666666674,0.2439024390243904,0.7326520000060555
7.0,0.39062500000000017,0.23414634146341476,0.7415280000059283
7.0,0.45312500000000017,0.21463414634146347,0.7509780000036699
7.0,0.47395833333333354,0.20487804878048785,0.7655680000025313
7.0,0.49479166666666674,0.20000000000000012,0.7718410000015865
7.0,0.5000000000000002,0.20000000000000012,0.7817790000044624
7.0,0.5000000000000002,0.1951219512195122,0.8238640000054147
7.0,0.5000000000000002,0.19024390243902448,0.8351550000006682
7.0,0.5208333333333334,0.18048780487804883,0.8466360000020359
7.0,0.546875,0.1707317073170732,0.8526259999998729
7.0,0.5833333333333334,0.1512195121951221,0.8626490000024205
7.0,0.6250000000000002,0.12682926829268293,0.8703030000033323
7.0,0.6927083333333334,0.10243902439024392,0.881375000004482
7.0,0.7135416666666667,0.0975609756097562,0.8899720000044908
7.0,0.7239583333333337,0.09268292682926828,0.8987410000045202
7.0,0.7291666666666667,0.09268292682926828,0.9060210000025108
7.0,0.7343750000000001,0.09268292682926828,0.9600790000040433
7.0,0.7395833333333336,0.08780487804878055,0.9696140000014566
7.0,0.7552083333333336,0.08292682926829283,0.975813000004564
7.0,0.8072916666666669,0.06341463414634156,0.9927559999996447
7.0,0.8437500000000002,0.053658536585365915,0.9996800000008079
7.0,0.8645833333333336,0.043902439024390276,1.008590000004915
7.0,0.8802083333333336,0.043902439024390276,1.026651000000129
7.0,0.8802083333333336,0.03902439024390256,1.0550740000035148
7.0,0.885416666666667,0.03902439024390256,1.0869999999995343
7.0,0.890625,0.03902439024390256,1.0985700000019278
7.0,0.901041666666667,0.03902439024390256,1.1050759999998263
7.0,0.9479166666666667,0.01951219512195128,1.1323540000012144
7.0,1.0,0.0,1.16968800000177
7.0,0.9895833333333335,0.0,1.251073000006727
7.0,0.9687500000000001,0.004878048780487914,1.2725760000030277
7.0,0.9635416666666666,0.00975609756097564,1.2832940000007511
7.0,0.9583333333333336,0.00975609756097564,1.2902520000061486
8.0,0.8045977011494254,1.0,0.0
8.0,0.7988505747126436,0.9896373056994818,0.00886999999784166
8.0,0.7586206896551724,0.9740932642487047,0.02234100000350736
8.0,0.7011494252873562,0.9481865284974094,0.027112000003398862
8.0,0.660919540229885,0.9222797927461138,0.03324900000006892
8.0,0.6264367816091952,0.9067357512953367,0.03961400000116555
8.0,0.5689655172413792,0.8808290155440416,0.06337499999790452
8.0,0.5459770114942529,0.8704663212435232,0.07221800000115763
8.0,0.528735632183908,0.854922279792746,0.07945199999812758
8.0,0.5114942528735631,0.8445595854922281,0.09763299999758601
8.0,0.4999999999999999,0.8393782383419689,0.10517999999865424
8.0,0.48275862068965514,0.8238341968911918,0.12248499999986961
8.0,0.4712643678160919,0.8134715025906736,0.1292029999967781
8.0,0.4540229885057471,0.8031088082901554,0.13628400000015972
8.0,0.4367816091954023,0.7875647668393783,0.14359500000136904
8.0,0.41379310344827586,0.7772020725388601,0.15202700000372715
8.0,0.3620689655172413,0.7461139896373056,0.17469400000118185
8.0,0.3448275862068966,0.7305699481865284,0.18293699999776436
8.0,0.3333333333333333,0.7202072538860105,0.1892870000010589
8.0,0.3160919540229885,0.7098445595854921,0.19457300000067335
8.0,0.3045977011494253,0.7046632124352331,0.20134600000164937
8.0,0.26436781609195403,0.6683937823834196,0.22057700000004843
8.0,0.24712643678160925,0.6528497409326425,0.2297279999984312
8.0,0.20689655172413787,0.6373056994818653,0.23661100000026636
8.0,0.17816091954022983,0.616580310880829,0.24202199999854201
8.0,0.1436781609195402,0.5906735751295337,0.24881099999765866
8.0,0.10919540229885055,0.5647668393782384,0.2596510000003036
8.0,0.06896551724137928,0.5388601036269429,0.26825600000302074
8.0,0.028735632183908018,0.5181347150259067,0.2755380000016885
8.0,0.02298850574712639,0.4974093264248704,0.2811809999984689
8.0,0.0,0.48704663212435223,0.2990570000038133
8.0,0.0,0.48186528497409326,0.38447199999791337
8.0,0.0,0.47668393782383406,0.4568970000036643
8.0,0.0,0.4715025906735751,0.48990900000353577
8.0,0.0977011494252873,0.4093264248704663,0.5113839999976335
8.0,0.11494252873563218,0.3989637305699481,0.5212150000006659
8.0,0.1436781609195402,0.38341968911917096,0.5432549999968614
8.0,0.15517241379310345,0.37823834196891176,0.5486870000022464
8.0,0.1666666666666666,0.3730569948186528,0.5567420000006678
8.0,0.1724137931034482,0.3678756476683938,0.5623510000004899
8.0,0.1896551724137931,0.35751295336787564,0.5798189999986789
8.0,0.19540229885057472,0.35233160621761644,0.5868300000001909
8.0,0.21264367816091947,0.34715025906735747,0.5956609999993816
8.0,0.22413793103448273,0.3367875647668393,0.6023879999993369
8.0,0.24712643678160925,0.3264248704663212,0.610238000001118
8.0,0.27586206896551724,0.310880829015544,0.6196990000025835
8.0,0.3160919540229885,0.29533678756476683,0.6279490000015358
8.0,0.35057471264367807,0.27461139896373055,0.6342210000002524
8.0,0.39655172413793105,0.2642487046632124,0.6424970000007306
8.0,0.4310344827586206,0.2538860103626942,0.6552159999992
8.0,0.48275862068965514,0.22279792746113988,0.6649400000023888
8.0,0.5459770114942529,0.19689119170984457,0.6800599999987753
8.0,0.5689655172413792,0.1865284974093264,0.6897529999987455
8.0,0.6149425287356322,0.16580310880829008,0.7050170000002254
8.0,0.6321839080459769,0.16062176165803108,0.7145329999984824
8.0,0.6551724137931034,0.15025906735751293,0.7208319999990636
8.0,0.6839080459770115,0.13989637305699476,0.7349820000017644
8.0,0.6954022988505747,0.1295336787564766,0.7424059999975725
8.0,0.7126436781609194,0.1243523316062176,0.7510939999992843
8.0,0.7241379310344828,0.11398963730569943,0.7575700000015786
8.0,0.7356321839080459,0.10880829015544025,0.7682370000038645
8.0,0.747126436781609,0.10362694300518127,0.7763940000004368
8.0,0.7701149425287354,0.0932642487046631,0.7852090000014869
8.0,0.7873563218390802,0.08290155440414493,0.7936580000023241
8.0,0.8103448275862066,0.07772020725388595,0.8023660000035306
8.0,0.8448275862068967,0.05699481865284962,0.8176410000014585
8.0,0.8850574712643675,0.041450777202072464,0.8342330000014044
8.0,0.9022988505747127,0.0310880829015543,0.8473089999970398
8.0,0.942528735632184,0.01554404145077715,0.859865999998874
8.0,0.9712643678160917,0.010362694300517965,0.8659689999985858
8.0,0.9942528735632182,0.0,0.8765750000020489
8.0,1.0,0.0,0.8894740000032471
9.0,0.9897959183673471,1.0,0.0
9.0,0.9795918367346942,0.992857142857143,0.013974999994388781
9.0,0.9387755102040818,0.9714285714285716,0.02714900000137277
9.0,0.9132653061224494,0.9642857142857143,0.03249399999913294
9.0,0.9081632653061228,0.957142857142857,0.0441759999957867
9.0,0.8826530612244898,0.942857142857143,0.05132999999477761
9.0,0.8571428571428574,0.9357142857142856,0.058927999998559244
9.0,0.8316326530612246,0.9142857142857143,0.06559700000070734
9.0,0.8112244897959183,0.9071428571428573,0.07499999999708962
9.0,0.7908163265306126,0.8928571428571429,0.0848069999992731
9.0,0.7806122448979593,0.8928571428571429,0.09179600000061328
9.0,0.7704081632653064,0.8857142857142857,0.09800099999847589
9.0,0.7602040816326531,0.8785714285714287,0.1054839999997057
9.0,0.7448979591836735,0.8714285714285716,0.11352700000134064
9.0,0.6938775510204083,0.8571428571428573,0.1420349999971222
9.0,0.6683673469387754,0.8500000000000002,0.14886299999488983
9.0,0.642857142857143,0.842857142857143,0.15532399999938207
9.0,0.6122448979591839,0.8285714285714286,0.16141200000129174
9.0,0.5816326530612245,0.8142857142857143,0.16878499999438645
9.0,0.5561224489795921,0.8071428571428573,0.17593399999896064
9.0,0.4897959183673471,0.7785714285714286,0.19862799999827985
9.0,0.4693877551020409,0.7642857142857142,0.20642099999531638
9.0,0.41836734693877564,0.7357142857142857,0.219212999996671
9.0,0.392857142857143,0.7285714285714285,0.22910899999988033
9.0,0.36224489795918374,0.7142857142857142,0.23634199999651173
9.0,0.3367346938775511,0.7000000000000002,0.24288800000067567
9.0,0.30612244897959184,0.6857142857142856,0.2508620000007795
9.0,0.24489795918367346,0.6571428571428573,0.2657019999969634
9.0,0.21428571428571436,0.6357142857142856,0.27280099999916274
9.0,0.18367346938775508,0.6071428571428572,0.2803189999976894
9.0,0.10204081632653074,0.5642857142857145,0.30123900000035064
9.0,0.06632653061224501,0.5500000000000002,0.30657899999641813
9.0,0.04591836734693882,0.5357142857142858,0.31415999999444466
9.0,0.025510204081632733,0.5214285714285715,0.3206599999975879
9.0,0.01530612244897964,0.5071428571428571,0.32779199999640696
9.0,0.0,0.5071428571428571,0.34993499999836786
9.0,0.0,0.5000000000000001,0.3575169999967329
9.0,0.0,0.4928571428571428,0.5041149999960908
9.0,0.0,0.4857142857142858,0.5149339999989024
9.0,0.005102040816326547,0.4857142857142858,0.5239699999947334
9.0,0.01530612244897964,0.4714285714285715,0.5297419999988051
9.0,0.05102040816326527,0.44285714285714284,0.5442389999952866
9.0,0.06632653061224501,0.4285714285714285,0.5549309999987599
9.0,0.08163265306122455,0.4214285714285715,0.5607799999997951
9.0,0.11734693877551028,0.40000000000000013,0.5875789999990957
9.0,0.13265306122448983,0.3857142857142858,0.5964069999972708
9.0,0.26530612244897966,0.33571428571428574,0.619937999996182
9.0,0.2857142857142858,0.32857142857142874,0.6294960000013816
9.0,0.33163265306122464,0.32142857142857145,0.6446649999998044
9.0,0.35714285714285726,0.3071428571428571,0.6529909999953816
9.0,0.38775510204081637,0.3000000000000001,0.6617169999954058
9.0,0.40816326530612257,0.28571428571428575,0.6695159999944735
9.0,0.4336734693877552,0.27857142857142875,0.6792189999978291
9.0,0.46428571428571447,0.2642857142857144,0.6881009999997332
9.0,0.4744897959183674,0.2571428571428571,0.6979069999943022
9.0,0.5000000000000001,0.23571428571428574,0.7150499999988824
9.0,0.5153061224489797,0.23571428571428574,0.7262289999998757
9.0,0.5306122448979592,0.22142857142857142,0.7325429999982589
9.0,0.5510204081632654,0.21428571428571438,0.7437969999955385
9.0,0.5969387755102044,0.18571428571428572,0.7522879999960423
9.0,0.6938775510204083,0.1357142857142857,0.7696470000009867
9.0,0.7397959183673469,0.11428571428571435,0.7786139999952866
9.0,0.7806122448979593,0.092857142857143,0.7882669999962673
9.0,0.8112244897959183,0.07857142857142867,0.7946220000012545
9.0,0.8469387755102041,0.07142857142857137,0.8036509999947157
9.0,0.8775510204081636,0.057142857142857315,0.8123149999955785
9.0,0.8979591836734695,0.04285714285714299,0.8214119999975082
9.0,0.9132653061224494,0.035714285714285685,0.8304480000006151
9.0,0.9234693877551023,0.035714285714285685,0.8879109999979846
9.0,0.9285714285714289,0.028571428571428657,0.8991150000001653
9.0,0.9387755102040818,0.021428571428571356,0.9108280000000377
9.0,0.9540816326530613,0.021428571428571356,0.919116999997641
9.0,0.9795918367346942,0.007142857142857304,0.9374879999959376
9.0,0.9948979591836737,0.0,0.9481400000004214
9.0,1.0,0.0,0.9641459999984363
